1609209114639,0.0
1609209114668,0.0
1609209114699,0.0
1609209114729,0.0
1609209114760,7.088474495701058E-5
1609209114792,3.894624255952381E-4
1609209114823,3.6805629369803477E-4
1609209114853,4.317210825302343E-4
1609209114884,0.007822165053087207
1609209114915,0.06281486390128968
1609209114949,0.07624829581355111
1609209114979,0.06752333637448035
1609209115009,0.07374008766918226
1609209115050,0.07955701947662745
1609209115070,0.10359529825385015
1609209115102,0.08485828956148432
1609209115133,0.07723433883101852
1609209115169,0.07375718028096655
1609209115194,0.07747548075219671
1609209115237,0.09814261669294454
1609209115256,0.11105132157029478
1609209115289,0.0934901738473167
1609209115317,0.09097218531509826
1609209115347,0.08723347059092734
1609209115378,0.08602995234552155
1609209115410,0.07429936899890165
1609209115450,0.07424188615333287
1609209115471,0.08146807035531227
1609209115502,0.08074102308023905
1609209115533,0.08275834340897817
1609209115563,0.0802223626538289
1609209115594,0.09505584324658684
1609209115626,0.09859602071080169
1609209115656,0.1071792337269109
1609209115688,0.10113709926244803
1609209115719,0.09441504330681925
1609209115749,0.08970078102855726
1609209115779,0.0990472795020786
1609209115811,0.1078090307303477
1609209115841,0.09479156517207578
1609209115879,0.08033762821534864
1609209115905,0.07905937304392242
1609209115950,0.0830330708129606
1609209115965,0.08351572372655659
1609209116001,0.09419237801457389
1609209116025,0.08425937920741214
1609209116057,0.07493331805378402
1609209116087,0.07393426527512047
1609209116121,0.07604634464462869
1609209116151,0.06991946219677107
1609209116179,0.06554075487616921
1609209116210,0.07478944947119473
1609209116241,0.07787084831762567
1609209116272,0.09574914357018849
1609209116306,0.08174648847169076
1609209116335,0.08615379881336215
1609209116367,0.0835933670885889
1609209116398,0.07877495751990032
1609209116429,0.07512959475239749
1609209116459,0.06866778015459656
1609209116490,0.06354677830333522
1609209116524,0.06852250448790627
1609209116554,0.07518163379718207
1609209116584,0.07512578870523905
1609209116612,0.06776835354367441
1609209116649,0.06745870277364419
1609209116674,0.07826310184447043
1609209116714,0.06239317694308626
1609209116736,0.045278559286127645
1609209116774,0.04053922323052485
1609209116799,0.03250142830569728
1609209116831,0.025825898393211453
1609209116859,0.027999912530116213
1609209116892,0.05670378231587774
1609209116922,0.07292776187080735
1609209116954,0.06591840702209703
1609209116983,0.06471283581792092
1609209117012,0.06226012676120796
1609209117043,0.07389599720096372
1609209117075,0.07281902425683816
1609209117105,0.07324138015666336
1609209117143,0.06662132626488096
1609209117172,0.0791891707855017
1609209117205,0.07771272435840655
1609209117249,0.08591962311183154
1609209117279,0.08774814043455924
1609209117311,0.08647495999267762
1609209117341,0.07508415285602088
1609209117373,0.06882807240734835
1609209117403,0.07243396761916572
1609209117434,0.07260567801339286
1609209117463,0.06604045426764456
1609209117495,0.06308698473964239
1609209117526,0.06690509591423376
1609209117558,0.09172349902417565
1609209117588,0.09800186214893944
1609209117618,0.0723771767821712
1609209117650,0.07766439909297052
1609209117682,0.08487701992689436
1609209117712,0.08464556612575586
1609209117743,0.07113405257936507
1609209117774,0.08311486622643849
1609209117804,0.06967356848338294
1609209117838,0.050292484343998016
1609209117868,0.052654471076625096
1609209117899,0.06514884735361158
1609209117927,0.07970305635274944
1609209117958,0.06940573809819066
1609209117988,0.0749026159400392
1609209118023,0.09827725849454365
1609209118051,0.09700181749131945
1609209118083,0.09060182232615269
1609209118113,0.09072813695790816
1609209118150,0.10247664332660147
1609209118174,0.10825060140158493
1609209118211,0.09283444958929753
1609209118237,0.08903982057232615
1609209118273,0.1060616398794761
1609209118299,0.08968673325449972
1609209118335,0.08676304316214332
1609209118359,0.08445118091724536
1609209118393,0.0809270811189059
1609209118421,0.09472499394723168
1609209118458,0.09988059622720616
1609209118483,0.08298765198353647
1609209118513,0.08929454892851238
1609209118543,0.0981366423522534
1609209118574,0.10944104068493717
1609209118606,0.1060408796222482
1609209118637,0.0984975017567791
1609209118667,0.09355852122750141
1609209118697,0.09580192075745228
1609209118729,0.07379547142207578
1609209118760,0.06526434358465609
1609209118790,0.04131616432380244
1609209118822,0.03142431695985686
1609209118853,0.02656180337803524
1609209118883,0.05162593873269794
1609209118914,0.06534791515347459
1609209118954,0.0713035254792021
1609209118974,0.06491153454654432
1609209119005,0.07514311198654809
1609209119036,0.07727456759613567
1609209119070,0.08774901697875331
1609209119101,0.07644413424006756
1609209119129,0.0789455837673611
1609209119161,0.08258843223704412
1609209119191,0.08786848072562359
1609209119222,0.08666542381926728
1609209119252,0.07245288252019558
1609209119284,0.08710835544070059
1609209119314,0.08078563456632654
1609209119345,0.06937648920245182
1609209119376,0.07769168729774896
1609209119406,0.08316074639491214
1609209119437,0.06865453972387567
1609209119470,0.08393621120323129
1609209119500,0.09277941184069113
1609209119533,0.09897607181978695
1609209119561,0.09669272032814862
1609209119591,0.08458402349655139
1609209119622,0.09345781091299367
1609209119653,0.08322392677774235
1609209119685,0.07656387479036754
1609209119717,0.07687544011745323
1609209119746,0.08177040890140778
1609209119776,0.08897437962815334
1609209119807,0.08193420733093584
1609209119841,0.08610099855914588
1609209119869,0.075570450348108
1609209119903,0.08490001767851238
1609209119933,0.09763694296077806
1609209119977,0.08653528007340089
1609209120011,0.08949458554037934
1609209120041,0.08426200883999434
1609209120077,0.08490649949215798
1609209120103,0.08115126883001464
1609209120139,0.07409896331579507
1609209120168,0.05782317538560563
1609209120198,0.05841627286765401
1609209120226,0.07636040120258172
1609209120257,0.07299359495317224
1609209120288,0.0837118850904077
1609209120320,0.07581269948300501
1609209120351,0.07381673915225813
1609209120384,0.07228883035419029
1609209120412,0.08062661099596088
1609209120443,0.08408144073601663
1609209120475,0.08501410682545588
1609209120505,0.07627157036859883
1609209120537,0.0992430717946901
1609209120570,0.07729883403013983
1609209120598,0.07681881074912604
1609209120628,0.06629721251564862
1609209120659,0.0657440669952877
1609209120692,0.0661342214294572
1609209120734,0.05825893318481907
1609209120753,0.03374725134194303
1609209120784,0.0312366673014692
1609209120815,0.024309453870523905
1609209120848,0.02823851708652211
1609209120875,0.052301223766416285
1609209120923,0.06072539014520739
1609209120936,0.06202502838157833
1609209120976,0.06353508335843018
1609209121001,0.06568423132056642
1609209121034,0.07798276917103647
1609209121061,0.07453158400947184
1609209121092,0.0670108809582861
1609209121123,0.055269917483052246
1609209121153,0.06942774397085223
1609209121183,0.06957066680839002
1609209121215,0.06952979216860355
1609209121245,0.07084343204512708
1609209121276,0.08345579578402541
1609209121307,0.07685638681470852
1609209121338,0.08188355230329979
1609209121370,0.0729064018728151
1609209121401,0.06529599144345238
1609209121432,0.06108152082447563
1609209121461,0.06619894729810327
1609209121492,0.0662712160602088
1609209121525,0.0800798088875307
1609209121556,0.07927371116632417
1609209121586,0.07650288576802249
1609209121618,0.06918895487882654
1609209121649,0.07411547925376748
1609209121682,0.07849921517000898
1609209121710,0.08253796174502787
1609209121743,0.08685757153338766
1609209121771,0.08037721110579649
1609209121804,0.06134471475222033
1609209121833,0.05563022328071854
1609209121864,0.07481207815157313
1609209121895,0.07429607042469766
1609209121925,0.0908507378103151
1609209121957,0.08398197603694256
1609209121987,0.07883698455510676
1609209122018,0.07776227217232379
1609209122050,0.08450183594488142
1609209122081,0.0875363396769298
1609209122113,0.08905054670522723
1609209122142,0.10034682547063964
1609209122174,0.08998994834478931
1609209122203,0.09129410770384543
1609209122234,0.10595513975989701
1609209122264,0.10505301431553524
1609209122294,0.10093678584715136
1609209122328,0.14502398317182777
1609209122359,0.38158489985620986
1609209122388,0.2487313176138511
1609209122418,0.19951795144055887
1609209122460,0.13507469909621836
1609209122480,0.11709661620724679
1609209122517,0.12093797886993339
1609209122541,0.13104515623523716
1609209122578,0.12184856988585364
1609209122603,0.10674310685645787
1609209122634,0.1086384491405069
1609209122671,0.12622245621338812
1609209122698,0.1103991726899093
1609209122728,0.1164428757071405
1609209122760,0.12554394180632322
1609209122799,0.093064058034238
1609209122825,0.1441916121917517
1609209122855,0.4224490441793037
1609209122902,0.27435503416861534
1609209122933,0.27907589359528534
1609209122964,0.36181299234103365
1609209122994,0.255896005320531
1609209123023,0.29917793533429
1609209123053,0.18875673370476662
1609209123085,0.2092170513496197
1609209123118,0.17392438339268
1609209123148,0.21747864184736396
1609209123178,0.20218892000159439
1609209123208,0.16190689329117064
1609209123239,0.1335863270546934
1609209123270,0.10100220372437169
1609209123301,0.11638163294831821
1609209123332,0.19803186302732897
1609209123363,0.39395053947143094
1609209123395,0.317946245881165
1609209123424,0.448529071187937
1609209123456,0.36118702445170775
1609209123485,0.21329443507003495
1609209123517,0.2542293718702759
1609209123550,0.19791627452847457
1609209123579,0.1860104515438988
1609209123609,0.15564832161163075
1609209123640,0.14927946683230583
1609209123671,0.13501675491160006
1609209123702,0.12727324816645408
1609209123733,0.11233393639573885
1609209123765,0.1303292041643046
1609209123795,0.14480869930437454
1609209123825,0.15108025767815808
1609209123857,0.47498183708162084
1609209123887,0.2734693554613686
1609209123917,0.19317271722056878
1609209123958,0.23757498604910715
1609209123984,0.20882604343820863
1609209124009,0.22244126600292896
1609209124044,0.08852420498364276
1609209124072,0.12044280060114324
1609209124107,0.2065025093153581
1609209124133,0.17388300127993905
1609209124172,0.1650378630184713
1609209124197,0.18621023441928855
1609209124231,0.14947426724596088
1609209124257,0.15701967500324782
1609209124292,0.19887145396352984
1609209124319,0.22971842816987906
1609209124355,0.4099037822051564
1609209124382,0.32424899077469527
1609209124415,0.39582551363644414
1609209124442,0.2926439673091459
1609209124472,0.2956393494897959
1609209124503,0.16391916195731765
1609209124534,0.09925271378082483
1609209124565,0.14752407174892526
1609209124596,0.19161090000236206
1609209124628,0.18246895926339285
1609209124657,0.15431083050624764
1609209124689,0.15504841937860214
1609209124720,0.14421121910135581
1609209124751,0.15450473130875614
1609209124782,0.18045883582382605
1609209124814,0.20100168702463625
1609209124842,0.4272865301176894
1609209124874,0.21255172533423092
1609209124906,0.4029576769401337
1609209124937,0.397430419921875
1609209124966,0.21086735339752222
1609209124999,0.15610391698997308
1609209125029,0.08266512985402494
1609209125060,0.11678661943292942
1609209125094,0.18283028000696808
1609209125121,0.23129293221194727
1609209125152,0.1799856172937925
1609209125184,0.14946231856457862
1609209125215,0.1603524113638511
1609209125245,0.12289760875053146
1609209125277,0.10727895216246221
1609209125307,0.18164756815269512
1609209125337,0.4010158778137991
1609209125368,0.24396351693889362
1609209125399,0.42721363854786704
1609209125431,0.35135512809724584
1609209125460,0.18628508668007132
1609209125493,0.2750186934582861
1609209125522,0.18179609625968443
1609209125553,0.17796091554026125
1609209125584,0.178414688629358
1609209125616,0.1695215019058839
1609209125659,0.1550620750144676
1609209125692,0.11567691448324122
1609209125722,0.11729109368356717
1609209125753,0.10429992445111726
1609209125783,0.09067840460837112
1609209125815,0.13621372214250282
1609209125847,0.44589360266676115
1609209125876,0.19383916761148903
1609209125907,0.3073972441081467
1609209125937,0.2710785119711947
1609209125968,0.2821959526540651
1609209125999,0.1947893876517621
1609209126033,0.11946877546591553
1609209126061,0.1318855314478222
1609209126091,0.19200924320466034
1609209126122,0.23453642253342308
1609209126153,0.2051560682324145
1609209126184,0.18406722226651076
1609209126216,0.180903981872697
1609209126249,0.17881001006088199
1609209126276,0.19730624590330925
1609209126307,0.22148705537987765
1609209126338,0.31163605036198505
1609209126373,0.28598359238443644
1609209126399,0.4694690661095167
1609209126438,0.27615114242311506
1609209126461,0.2332650182468821
1609209126492,0.190578054138322
1609209126523,0.10854991817690618
1609209126555,0.1262327440741922
1609209126584,0.22921522260162747
1609209126617,0.23132077402358514
1609209126648,0.20846850567483938
1609209126677,0.19974513785548942
1609209126708,0.18251500090053382
1609209126738,0.19624262872466694
1609209126769,0.18491304127988
1609209126800,0.21384771899211075
1609209126831,0.4154684538203302
1609209126863,0.24755038191491874
1609209126893,0.2781285799910242
1609209126922,0.23309056288531038
1609209126953,0.2654765410938681
1609209126985,0.21525448015577758
1609209127016,0.1599479784860993
1609209127049,0.1942314211383338
1609209127080,0.1685170283933886
1609209127107,0.16533893288218066
1609209127142,0.1507777807303477
1609209127169,0.11964791341883976
1609209127200,0.0948686318602962
1609209127231,0.10239814648732758
1609209127265,0.08927388093909439
1609209127294,0.17795893178234837
1609209127324,0.35101848899281934
1609209127355,0.27663324172985165
1609209127386,0.42515290621456914
1609209127416,0.2577647052744709
1609209127448,0.2893646770774282
1609209127478,0.21347864775250378
1609209127509,0.1649348229417635
1609209127540,0.17457759335287934
1609209127571,0.16858842061130008
1609209127605,0.17703609221466365
1609209127633,0.13224039344470426
1609209127665,0.11372240546609269
1609209127696,0.09193010971749811
1609209127727,0.10219405009182493
1609209127757,0.10595507055903959
1609209127788,0.14345651455026456
1609209127820,0.4167444484304138
1609209127851,0.2956463157094435
1609209127881,0.27430264911954366
1609209127912,0.30955015198353647
1609209127942,0.2632099131427745
1609209127972,0.22088920610561932
1609209128005,0.10385687749492158
1609209128034,0.12572776235059996
1609209128065,0.21387020927077427
1609209128098,0.22090678312340561
1609209128129,0.20887750580918132
1609209128158,0.22126522049792138
1609209128187,0.19830195397386385
1609209128219,0.22075931609623015
1609209128250,0.21683622722092308
1609209128282,0.2695095439977206
1609209128313,0.40715606989323505
1609209128342,0.4090257847930839
1609209128373,0.43350967095822707
1609209128404,0.2499322984944846
1609209128435,0.26074770050164164
1609209128466,0.19391653417009164
1609209128504,0.10282064078886763
1609209128536,0.1370907968764763
1609209128581,0.1847833819400156
1609209128614,0.20945826247165533
1609209128645,0.2115323505704365
1609209128674,0.19365569307149944
1609209128704,0.19805398423475293
1609209128735,0.17589473940617914
1609209128766,0.1834899948477655
1609209128799,0.21663395311466602
1609209128828,0.45635125930797665
1609209128859,0.2500206449224655
1609209128890,0.3619672410522369
1609209128921,0.28679748673557964
1609209128951,0.24908004380137472
1609209128984,0.20168739832087348
1609209129014,0.0971132308717758
1609209129046,0.10847255161830358
1609209129074,0.1802184089781746
1609209129106,0.20907230622283635
1609209129136,0.2076822455327617
1609209129167,0.17357588787468112
1609209129199,0.1600838428361796
1609209129232,0.12435131116248582
1609209129263,0.1048759523883338
1609209129292,0.1724057244425548
1609209129322,0.3833467075523786
1609209129353,0.20862526868386244
1609209129389,0.41185298582323554
1609209129420,0.37719269836840985
1609209129451,0.23300745265554137
1609209129484,0.2450445035327499
1609209129529,0.1582998447317295
1609209129559,0.12878150392101284
1609209129591,0.1273883522593065
1609209129623,0.12236031022652116
1609209129652,0.12948202420073932
1609209129690,0.0951667722210412
1609209129715,0.08528747327924226
1609209129751,0.07561321647799744
1609209129777,0.07255320069651125
1609209129808,0.1710972284964333
1609209129837,0.4212923749143755
1609209129868,0.19223788283759685
1609209129900,0.3195760875422218
1609209129930,0.3281975916994402
1609209129965,0.25171777288389313
1609209129991,0.1543229867902022
1609209130023,0.08718004752899423
1609209130054,0.10886360566361962
1609209130084,0.16450667723686696
1609209130116,0.21025012788318453
1609209130146,0.17796437558313255
1609209130179,0.1698204496099655
1609209130208,0.15883963448660715
1609209130238,0.17029039263274753
1609209130269,0.15540971705522486
1609209130301,0.2035665245373323
1609209130331,0.38082685059700966
1609209130362,0.33975694905783493
1609209130393,0.37773751671892714
1609209130424,0.26734143500064955
1609209130454,0.22823695314714426
1609209130486,0.178621276255728
1609209130517,0.11125163498559146
1609209130548,0.1557450182764078
1609209130581,0.15165999939472316
1609209130611,0.20948418972623772
1609209130643,0.17404273992583144
1609209130673,0.16122893249096515
1609209130704,0.15482616929150134
1609209130733,0.1689948833808697
1609209130764,0.13808168395396353
1609209130796,0.13557255313149566
1609209130827,0.47244963930667755
1609209130857,0.1973825283151455
1609209130887,0.25652995437541337
1609209130919,0.2912920593584656
1609209130948,0.21520947653149802
1609209130979,0.17565694219310987
1609209131012,0.11371818421378968
1609209131041,0.0757791832010582
1609209131073,0.0836144964170564
1609209131103,0.10688960507162934
1609209131134,0.07379261111996882
1609209131165,0.08969625990587207
1609209131196,0.2032634939826625
1609209131228,0.15668354337177579
1609209131258,0.15057622169961735
1609209131288,0.20436900074700018
1609209131322,0.381626535705428
1609209131353,0.31139336295499104
1609209131381,0.44747357357656603
1609209131413,0.2535588847626724
1609209131446,0.20215551905440995
1609209131479,0.19447090223893376
1609209131505,0.1048928604644983
1609209131536,0.10193004882074358
1609209131567,0.12695485502143566
1609209131598,0.16326507545292424
1609209131631,0.13792928059895834
1609209131661,0.12340056058230583
1609209131690,0.10829244485337537
1609209131724,0.14059171438757795
1609209131752,0.12192263787025227
1609209131782,0.19546303493185468
1609209131813,0.40963373739252645
1609209131845,0.23159803879233987
1609209131875,0.24196515764508927
1609209131906,0.2683053798776455
1609209131937,0.24055911155694917
1609209131968,0.1671241304681595
1609209131999,0.08495918441161186
1609209132030,0.08360810687122071
1609209132062,0.16968105601615646
1609209132093,0.15778851959620654
1609209132123,0.14659209766806028
1609209132153,0.14981517373659534
1609209132187,0.1391101932309382
1609209132215,0.11393266073790627
1609209132250,0.10722462948938256
1609209132281,0.16253466040278958
1609209132309,0.3735823743017172
1609209132339,0.3292585792455003
1609209132370,0.4061533956030329
1609209132400,0.2680820225768259
1609209132431,0.2432794664632346
1609209132467,0.14902665303317508
1609209132494,0.04728441533948649
1609209132524,0.07123437075568075
1609209132556,0.20507729458971088
1609209132586,0.21795146823920541
1609209132617,0.21830476168331917
1609209132648,0.1775959502181949
1609209132679,0.24616927120240456
1609209132710,0.2276511909559831
1609209132744,0.20769472475405093
1609209132771,0.21501712121480537
1609209132803,0.43368288070436506
1609209132834,0.28134561251801066
1609209132865,0.2681411431760204
1609209132897,0.30073179445389264
1609209132926,0.2778604497354497
1609209132956,0.3243286178946405
1609209132987,0.21022932149205167
1609209133019,0.17920226358772676
1609209133048,0.16975284037226002
1609209133080,0.12954718834148243
1609209133110,0.11761142445259354
1609209133143,0.16088016016953657
1609209133171,0.21374696254369804
1609209133203,0.19285859146175832
1609209133234,0.21945384192088294
1609209133265,0.24854094605507132
1609209133296,0.3871723154865245
1609209133327,0.22901421717775652
1609209133357,0.44569894065482096
1609209133390,0.3462363406734221
1609209133419,0.2450404668160667
1609209133450,0.1644298412181713
1609209133480,0.09715864970119993
1609209133512,0.08490753750501936
1609209133543,0.07467974304522156
1609209133575,0.06648234787621646
1609209133604,0.060170929808555366
1609209133636,0.09546235215006141
1609209133671,0.054889266633302625
1609209133700,0.03327456335181642
1609209133730,0.05495353116289919
1609209133762,0.11473059275793651
1609209133794,0.4435817173549107
1609209133825,0.20209570644664115
1609209133855,0.2877047099764385
1609209133885,0.3063703033839404
1609209133919,0.2661554476391251
1609209133948,0.1724720880648266
1609209133979,0.059394772991661945
1609209134010,0.05065082945070389
1609209134041,0.0492914247404691
1609209134070,0.04720963227956113
1609209134102,0.049867867882830215
1609209134133,0.05899649899022109
1609209134164,0.09358989228286801
1609209134195,0.10115548362357095
1609209134227,0.13570673359404525
1609209134256,0.24119951935852466
1609209134288,0.33673785405004014
1609209134318,0.324672292419572
1609209134350,0.452634827259897
1609209134380,0.2895195716633007
1609209134412,0.2718243126786305
1609209134442,0.20583859628921014
1609209134473,0.13435214987687782
1609209134503,0.13222085573595757
1609209134534,0.21480010732591648
1609209134565,0.18776224818269321
1609209134596,0.18098856838742441
1609209134629,0.13810765734245087
1609209134663,0.21005648081715325
1609209134691,0.1842444917962845
1609209134723,0.24502854120163692
1609209134750,0.2437608968283494
1609209134782,0.4481118361515613
1609209134813,0.36657325012253167
1609209134845,0.3472105503442697
1609209134877,0.2461548774240599
1609209134905,0.35315887151301495
1609209134936,0.21530942563657407
1609209134976,0.19150783685870182
1609209134998,0.14020349757741637
1609209135029,0.17605270189673092
1609209135062,0.17348239751629818
1609209135091,0.1441067258066421
1609209135123,0.13738856816598166
1609209135153,0.18872711573778816
1609209135184,0.22009602587779903
1609209135214,0.21328931420658542
1609209135246,0.2722090002450633
1609209135278,0.37354092298811886
1609209135307,0.2746460929749504
1609209135337,0.45798260032094434
1609209135369,0.2983095337744473
1609209135400,0.25998868243043743
1609209135431,0.1957446362876748
1609209135463,0.14590094257103883
1609209135494,0.1453133350236796
1609209135523,0.13020016763215703
1609209135556,0.08824288043125236
1609209135585,0.06875898688468443
1609209135617,0.07380073068724018
1609209135647,0.05805968084933626
1609209135679,0.05325229728393093
1609209135708,0.042099448829010774
1609209135740,0.12840297523089098
1609209135770,0.44630165705605157
1609209135802,0.24987899076731387
1609209135835,0.2695751925444657
1609209135863,0.28857848613620796
1609209135895,0.2762645164945318
1609209135926,0.18620751251889645
1609209135954,0.08161156986666195
1609209135985,0.06742996135085978
1609209136016,0.0645511595480206
1609209136047,0.08119528057533777
1609209136078,0.14406162991455262
1609209136110,0.12562527588075162
1609209136141,0.07678953878643471
1609209136171,0.06858743795912463
1609209136202,0.07863761688486158
1609209136234,0.1623632729458971
1609209136264,0.35981382570389264
1609209136295,0.36104984528533635
1609209136326,0.4382032421801186
1609209136358,0.27432444738963296
1609209136387,0.2534006685356434
1609209136418,0.15885527388038548
1609209136449,0.052686949345710506
1609209136480,0.05804325717917375
1609209136511,0.1988932983675241
1609209136544,0.21722739660100152
1609209136574,0.1971536810796367
1609209136604,0.1630427330980135
1609209136634,0.14760681290745464
1609209136668,0.151669549113048
1609209136696,0.14613641002190808
1609209136730,0.18925105849631518
1609209136760,0.39887095110396587
1609209136790,0.21936441134613568
1609209136821,0.36571988821570295
1609209136852,0.35570703161907125
1609209136881,0.225966703684512
1609209136915,0.27849979645721135
1609209136944,0.1874078936587656
1609209136978,0.17278492207429846
1609209137004,0.1450644195395172
1609209137037,0.13415910255161093
1609209137067,0.1318971571918698
1609209137097,0.13548962743734647
1609209137129,0.19878022416648952
1609209137159,0.24761769128224206
1609209137192,0.21616507117169784
1609209137220,0.2722168891428099
1609209137252,0.38897153777960836
1609209137282,0.17894393678695436
1609209137314,0.4215999727256354
1609209137346,0.3027879825975529
1609209137379,0.23051765193924792
1609209137407,0.17083765608022722
1609209137439,0.04548108712886196
1609209137472,0.07942057845273526
1609209137499,0.1948809173191846
1609209137530,0.19003653436200868
1609209137562,0.17506280669820012
1609209137593,0.19159869758450254
1609209137624,0.17078061150675547
1609209137654,0.17073971380001654
1609209137684,0.1526286499300241
1609209137714,0.19418101984717498
1609209137745,0.3996533590649802
1609209137776,0.2651262002196712
1609209137809,0.29076177318800783
1609209137838,0.3004065042900841
1609209137869,0.2812637709706278
1609209137902,0.2691494458026266
1609209137931,0.11704367755131566
1609209137961,0.12186573169849536
1609209137993,0.11715370691462348
1609209138025,0.12586235801829412
1609209138055,0.13211377894256662
1609209138086,0.11307447783801021
1609209138117,0.09728138895532171
1609209138147,0.07468645552839191
1609209138179,0.06484690094570815
1609209138209,0.17122582675648385
1609209138243,0.35752975913672763
1609209138272,0.35092617504901263
1609209138303,0.3546659969869024
1609209138334,0.33380479877497876
1609209138366,0.23458114935427296
1609209138395,0.18836787101993574
1609209138430,0.15915431385227702
1609209138458,0.14628336957612906
1609209138489,0.14724203212100812
1609209138519,0.10380935957282218
1609209138550,0.09695173913749527
1609209138581,0.1206508183785667
1609209138613,0.1030749539399093
1609209138643,0.13201625186750046
1609209138678,0.10848821407903439
1609209138706,0.12230042841789493
1609209138737,0.5024647038720002
1609209138768,0.24940611824156747
1609209138800,0.1855286521075444
1609209138828,0.24141088184405707
1609209138863,0.25783750457648336
1609209138892,0.2959762653976521
1609209138920,0.15195887789794738
1609209138951,0.1341150908062878
1609209138982,0.10009788691952476
1609209139013,0.1011233282918202
1609209139045,0.08523686438551115
1609209139076,0.0869450414171745
1609209139106,0.2261618270355017
1609209139138,0.15827396361105206
1609209139167,0.18645285262542516
1609209139198,0.21592183015784439
1609209139228,0.3310380792942177
1609209139260,0.22333155810067082
1609209139291,0.4531077459195484
1609209139323,0.32301696177602984
1609209139352,0.2473502069013369
1609209139384,0.1656654686614229
1609209139415,0.11634214232568027
1609209139445,0.13251673553535998
1609209139478,0.060202969805543745
1609209139508,0.05625513009023054
1609209139540,0.07030218907224348
1609209139568,0.0629407633279006
1609209139600,0.07138608210211168
1609209139631,0.1530791705788218
1609209139663,0.1740660836817366
1609209139709,0.19664593132174746
1609209139739,0.40533329624167375
1609209139769,0.23808601131424792
1609209139799,0.2457171127999811
1609209139830,0.2880613481286612
1609209139861,0.262564799682894
1609209139892,0.21450081361754772
1609209139924,0.16075931240551777
1609209139954,0.17173240009979687
1609209139985,0.12734856176628637
1609209140015,0.14473979831733041
1609209140049,0.16786171934051397
1609209140077,0.1519633759536801
1609209140109,0.17862390588831017
1609209140140,0.11724786621462821
1609209140170,0.15953890915089994
1609209140201,0.14690855318907076
1609209140236,0.35707229533523477
1609209140262,0.33146401057167657
1609209140293,0.39431112207252694
1609209140324,0.2538770241712136
1609209140357,0.24644773545268803
1609209140386,0.14558012739601048
1609209140418,0.0431293190561815
1609209140448,0.07988284018034297
1609209140480,0.125640869140625
1609209140510,0.17690008946286848
1609209140542,0.1461267911027258
1609209140573,0.17770434182787698
1609209140602,0.18824817660354073
1609209140633,0.15902294755792942
1609209140665,0.19574975715112433
1609209140696,0.1629928623467616
1609209140727,0.4342518040202192
1609209140762,0.2556815057294619
1609209140789,0.31684738239914023
1609209140821,0.35338340522841083
1609209140849,0.19055734001499905
1609209140882,0.23771204988071618
1609209140912,0.19508766641422193
1609209140944,0.19170946509028958
1609209140976,0.15768386483282548
1609209141005,0.1616102984162415
1609209141035,0.14255967143801965
1609209141066,0.16680979710677674
1609209141097,0.22878603888386953
1609209141128,0.18761378927656133
1609209141159,0.17483603548841412
1609209141192,0.214028702301233
1609209141221,0.3976018073787675
1609209141252,0.21640667443192554
1609209141282,0.3923290019132653
1609209141314,0.31603277297247023
1609209141346,0.2867322533939791
1609209141375,0.24162591197503308
1609209141408,0.13930243321286848
1609209141438,0.16350665564619946
1609209141468,0.16290991358565995
1609209141499,0.14116019943133504
1609209141534,0.1578606730235497
1609209141562,0.13968146937594483
1609209141595,0.13645225749805132
1609209141625,0.11806824237941704
1609209141655,0.06252592725458239
1609209141684,0.18436443994915674
1609209141719,0.4390276781285431
1609209141746,0.20671661676823508
1609209141778,0.29014330205823646
1609209141808,0.3081438521589191
1609209141843,0.25661195739146353
1609209141871,0.167436803008964
1609209141901,0.04899879738136574
1609209141931,0.03708492403037604
1609209141962,0.04245322667912651
1609209141992,0.04575000166082058
1609209142024,0.04521964628950539
1609209142055,0.0516968696115599
1609209142085,0.057769498587195295
1609209142116,0.05128814628064768
1609209142147,0.051908924105666575
1609209142178,0.15963731277016013
1609209142209,0.3197591930109718
1609209142241,0.34390346443481906
1609209142273,0.4532022512238402
1609209142301,0.2988995864187689
1609209142334,0.27911593782478267
1609209142365,0.204565438914281
1609209142394,0.18443975354898903
1609209142425,0.12147857596814768
1609209142456,0.20391121400817272
1609209142487,0.19416618779673328
1609209142518,0.1936408840880102
1609209142549,0.1560511167357568
1609209142580,0.19191750593466553
1609209142611,0.20406274081898385
1609209142641,0.17844310711480774
1609209142675,0.20413145727040816
1609209142704,0.43807321376901454
1609209142735,0.31891944060610355
1609209142765,0.3100856282183012
1609209142795,0.33675496972877694
1609209142826,0.3202028397079318
1609209142857,0.2737018934092734
1609209142889,0.15942435866490692
1609209142921,0.11778959359351379
1609209142950,0.11044689821458097
1609209142980,0.09833617149116591
1609209143011,0.13312418066184808
1609209143043,0.1887798698580995
1609209143073,0.23809076310645785
1609209143106,0.23879435129086357
1609209143136,0.24295290761703986
1609209143167,0.2968429369360591
1609209143198,0.36826710257670775
1609209143228,0.28307614142662274
1609209143261,0.43581512059033684
1609209143291,0.3237094778232473
1609209143323,0.24653015367388276
1609209143352,0.20000023528291525
1609209143383,0.10604678476208192
1609209143412,0.12075415832565665
1609209143444,0.13330288034267526
1609209143478,0.16020845051345192
1609209143506,0.14997615799792138
1609209143537,0.16471607903143898
1609209143567,0.1334067046957672
1609209143597,0.14224690662940523
1609209143629,0.15761814708522298
1609209143659,0.19518925327292375
1609209143691,0.4479901579772534
1609209143723,0.2648543792517007
1609209143754,0.28265194017059947
1609209143783,0.2967687074829932
1609209143815,0.2927576643178973
1609209143846,0.22409389781303146
1609209143875,0.11950748181216932
1609209143908,0.13733101611955545
1609209143940,0.13649728418928336
1609209143973,0.06553125129174933
1609209144000,0.06917290027990362
1609209144033,0.06890709978652919
1609209144060,0.20834235251175123
1609209144092,0.1752624742388275
1609209144124,0.17609895113644417
1609209144155,0.20321978210772157
1609209144185,0.3642490931919643
